timeStamp,elapsed,label,responseCode,responseMessage,threadName,dataType,success,failureMessage,bytes,sentBytes,grpThreads,allThreads,URL,Latency,IdleTime,Connect
1729572771611,684,Launch,200,OK,Thread Group 1-2,text,true,,6899,503,6,6,https://jpetstore.aspectran.com/,683,0,325
1729572771497,827,Launch,200,OK,Thread Group 1-1,text,true,,6755,503,6,6,https://jpetstore.aspectran.com/,826,0,439
1729572771830,503,Launch,200,OK,Thread Group 1-3,text,true,,6900,503,6,6,https://jpetstore.aspectran.com/,502,0,146
1729572772051,528,Launch,200,OK,Thread Group 1-4,text,true,,6907,503,7,7,https://jpetstore.aspectran.com/,527,0,145
1729572772599,176,SignUp,200,OK,Thread Group 1-2,text,true,,7060,575,8,8,https://jpetstore.aspectran.com/account/newAccountForm,174,0,0
1729572772272,507,Launch,200,OK,Thread Group 1-5,text,true,,6758,503,8,8,https://jpetstore.aspectran.com/,506,0,142
1729572772634,177,SignUp,200,OK,Thread Group 1-3,text,true,,7051,575,8,8,https://jpetstore.aspectran.com/account/newAccountForm,176,0,0
1729572772625,189,SignUp,200,OK,Thread Group 1-1,text,true,,7053,575,8,8,https://jpetstore.aspectran.com/account/newAccountForm,187,0,0
1729572772492,520,Launch,200,OK,Thread Group 1-6,text,true,,6898,503,9,9,https://jpetstore.aspectran.com/,519,0,143
1729572772880,179,SignUp,200,OK,Thread Group 1-4,text,true,,7052,575,9,9,https://jpetstore.aspectran.com/account/newAccountForm,178,0,0
1729572772712,539,Launch,200,OK,Thread Group 1-7,text,true,,6899,503,9,9,https://jpetstore.aspectran.com/,539,0,142
1729572773080,174,SignUp,200,OK,Thread Group 1-5,text,true,,7049,575,9,9,https://jpetstore.aspectran.com/account/newAccountForm,172,0,0
1729572772932,521,Launch,200,OK,Thread Group 1-8,text,true,,6893,503,9,9,https://jpetstore.aspectran.com/,520,0,142
1729572773314,191,SignUp,200,OK,Thread Group 1-6,text,true,,7060,575,9,9,https://jpetstore.aspectran.com/account/newAccountForm,190,0,0
1729572773158,531,Launch,200,OK,Thread Group 1-9,text,true,,6750,503,9,9,https://jpetstore.aspectran.com/,531,0,142
1729572773563,191,SignUp,200,OK,Thread Group 1-7,text,true,,7053,575,9,9,https://jpetstore.aspectran.com/account/newAccountForm,191,0,0
1729572773767,180,SignUp,200,OK,Thread Group 1-8,text,true,,7048,575,9,9,https://jpetstore.aspectran.com/account/newAccountForm,179,0,0
1729572774000,280,SignUp,200,OK,Thread Group 1-9,text,true,,7053,575,9,9,https://jpetstore.aspectran.com/account/newAccountForm,277,0,0
1729572773977,341,newAccount,200,OK,Thread Group 1-2,text,true,,7573,1645,9,9,https://jpetstore.aspectran.com/account/signonForm?created=true,174,0,0
1729572773977,174,newAccount-0,302,Found,Thread Group 1-2,,true,,812,949,9,9,https://jpetstore.aspectran.com/account/newAccount,174,0,0
1729572774152,166,newAccount-1,200,OK,Thread Group 1-2,text,true,,6761,696,9,9,https://jpetstore.aspectran.com/account/signonForm?created=true,165,0,0
1729572774014,339,newAccount,200,OK,Thread Group 1-3,text,true,,7577,1645,9,9,https://jpetstore.aspectran.com/account/signonForm?created=true,170,0,0
1729572774014,170,newAccount-0,302,Found,Thread Group 1-3,,true,,823,949,9,9,https://jpetstore.aspectran.com/account/newAccount,170,0,0
1729572774184,169,newAccount-1,200,OK,Thread Group 1-3,text,true,,6754,696,9,9,https://jpetstore.aspectran.com/account/signonForm?created=true,168,0,0
1729572774017,376,newAccount,200,OK,Thread Group 1-1,text,true,,7576,1645,9,9,https://jpetstore.aspectran.com/account/signonForm?created=true,191,0,0
1729572774017,191,newAccount-0,302,Found,Thread Group 1-1,,true,,815,949,9,9,https://jpetstore.aspectran.com/account/newAccount,191,0,0
1729572774209,184,newAccount-1,200,OK,Thread Group 1-1,text,true,,6761,696,9,9,https://jpetstore.aspectran.com/account/signonForm?created=true,183,0,0
1729572774269,363,newAccount,200,OK,Thread Group 1-4,text,true,,7580,1645,9,9,https://jpetstore.aspectran.com/account/signonForm?created=true,185,0,0
1729572774269,185,newAccount-0,302,Found,Thread Group 1-4,,true,,820,949,9,9,https://jpetstore.aspectran.com/account/newAccount,185,0,0
1729572774454,178,newAccount-1,200,OK,Thread Group 1-4,text,true,,6760,696,9,9,https://jpetstore.aspectran.com/account/signonForm?created=true,176,0,0
1729572774455,362,newAccount,200,OK,Thread Group 1-5,text,true,,7585,1645,9,9,https://jpetstore.aspectran.com/account/signonForm?created=true,184,0,0
1729572774455,184,newAccount-0,302,Found,Thread Group 1-5,,true,,821,949,9,9,https://jpetstore.aspectran.com/account/newAccount,184,0,0
1729572774639,178,newAccount-1,200,OK,Thread Group 1-5,text,true,,6764,696,9,9,https://jpetstore.aspectran.com/account/signonForm?created=true,177,0,0
1729572774625,327,signon,200,OK,Thread Group 1-2,text,true,,7648,1394,9,9,https://jpetstore.aspectran.com/,163,0,0
1729572774625,163,signon-0,302,Found,Thread Group 1-2,,true,,887,733,9,9,https://jpetstore.aspectran.com/account/signon,163,0,0
1729572774789,163,signon-1,200,OK,Thread Group 1-2,text,true,,6761,661,9,9,https://jpetstore.aspectran.com/,163,0,0
1729572774656,348,signon,200,OK,Thread Group 1-3,text,true,,7789,1394,9,9,https://jpetstore.aspectran.com/,169,0,0
1729572774656,169,signon-0,302,Found,Thread Group 1-3,,true,,882,733,9,9,https://jpetstore.aspectran.com/account/signon,169,0,0
1729572774826,178,signon-1,200,OK,Thread Group 1-3,text,true,,6907,661,9,9,https://jpetstore.aspectran.com/,177,0,0
1729572774718,344,newAccount,200,OK,Thread Group 1-6,text,true,,7565,1645,9,9,https://jpetstore.aspectran.com/account/signonForm?created=true,170,0,0
1729572774718,170,newAccount-0,302,Found,Thread Group 1-6,,true,,814,949,9,9,https://jpetstore.aspectran.com/account/newAccount,170,0,0
1729572774888,174,newAccount-1,200,OK,Thread Group 1-6,text,true,,6751,696,9,9,https://jpetstore.aspectran.com/account/signonForm?created=true,173,0,0
1729572774703,374,signon,200,OK,Thread Group 1-1,text,true,,7780,1394,9,9,https://jpetstore.aspectran.com/,185,0,0
1729572774703,185,signon-0,302,Found,Thread Group 1-1,,true,,879,733,9,9,https://jpetstore.aspectran.com/account/signon,185,0,0
1729572774888,189,signon-1,200,OK,Thread Group 1-1,text,true,,6901,661,9,9,https://jpetstore.aspectran.com/,188,0,0
1729572774937,357,signon,200,OK,Thread Group 1-4,text,true,,7795,1394,9,9,https://jpetstore.aspectran.com/,176,0,0
1729572774937,176,signon-0,302,Found,Thread Group 1-4,,true,,889,733,9,9,https://jpetstore.aspectran.com/account/signon,176,0,0
1729572775113,181,signon-1,200,OK,Thread Group 1-4,text,true,,6906,661,9,9,https://jpetstore.aspectran.com/,180,0,0
1729572774968,392,newAccount,200,OK,Thread Group 1-7,text,true,,7574,1645,9,9,https://jpetstore.aspectran.com/account/signonForm?created=true,185,0,0
1729572774968,185,newAccount-0,302,Found,Thread Group 1-7,,true,,824,949,9,9,https://jpetstore.aspectran.com/account/newAccount,185,0,0
1729572775153,207,newAccount-1,200,OK,Thread Group 1-7,text,true,,6750,696,9,9,https://jpetstore.aspectran.com/account/signonForm?created=true,206,0,0
1729572775122,347,signon,200,OK,Thread Group 1-5,text,true,,7788,1394,9,9,https://jpetstore.aspectran.com/,172,0,0
1729572775122,172,signon-0,302,Found,Thread Group 1-5,,true,,881,733,9,9,https://jpetstore.aspectran.com/account/signon,172,0,0
1729572775295,174,signon-1,200,OK,Thread Group 1-5,text,true,,6907,661,9,9,https://jpetstore.aspectran.com/,172,0,0
1729572775153,360,newAccount,200,OK,Thread Group 1-8,text,true,,7590,1645,9,9,https://jpetstore.aspectran.com/account/signonForm?created=true,180,0,0
1729572775153,180,newAccount-0,302,Found,Thread Group 1-8,,true,,827,949,9,9,https://jpetstore.aspectran.com/account/newAccount,180,0,0
1729572775334,179,newAccount-1,200,OK,Thread Group 1-8,text,true,,6763,696,9,9,https://jpetstore.aspectran.com/account/signonForm?created=true,178,0,0
1729572775263,329,signoff,200,OK,Thread Group 1-2,text,true,,7688,1121,9,9,https://jpetstore.aspectran.com/,163,0,0
1729572775263,163,signoff-0,302,Found,Thread Group 1-2,,true,,785,568,9,9,https://jpetstore.aspectran.com/account/signoff,163,0,0
1729572775426,166,signoff-1,200,OK,Thread Group 1-2,text,true,,6903,553,9,9,https://jpetstore.aspectran.com/,165,0,0
1729572775309,338,signoff,200,OK,Thread Group 1-3,text,true,,7550,1121,8,8,https://jpetstore.aspectran.com/,165,0,0
1729572775309,165,signoff-0,302,Found,Thread Group 1-3,,true,,786,568,8,8,https://jpetstore.aspectran.com/account/signoff,165,0,0
1729572775474,173,signoff-1,200,OK,Thread Group 1-3,text,true,,6764,553,8,8,https://jpetstore.aspectran.com/,173,0,0
1729572775372,355,signon,200,OK,Thread Group 1-6,text,true,,7793,1394,7,7,https://jpetstore.aspectran.com/,171,0,0
1729572775372,171,signon-0,302,Found,Thread Group 1-6,,true,,881,733,7,7,https://jpetstore.aspectran.com/account/signon,171,0,0
1729572775543,184,signon-1,200,OK,Thread Group 1-6,text,true,,6912,661,7,7,https://jpetstore.aspectran.com/,176,0,0
1729572775388,380,signoff,200,OK,Thread Group 1-1,text,true,,7692,1121,7,7,https://jpetstore.aspectran.com/,183,0,0
1729572775388,183,signoff-0,302,Found,Thread Group 1-1,,true,,790,568,7,7,https://jpetstore.aspectran.com/account/signoff,183,0,0
1729572775572,196,signoff-1,200,OK,Thread Group 1-1,text,true,,6902,553,7,7,https://jpetstore.aspectran.com/,187,0,0
1729572775481,369,newAccount,200,OK,Thread Group 1-9,text,true,,7574,1645,6,6,https://jpetstore.aspectran.com/account/signonForm?created=true,178,0,0
1729572775481,178,newAccount-0,302,Found,Thread Group 1-9,,true,,821,949,6,6,https://jpetstore.aspectran.com/account/newAccount,178,0,0
1729572775659,191,newAccount-1,200,OK,Thread Group 1-9,text,true,,6753,696,6,6,https://jpetstore.aspectran.com/account/signonForm?created=true,180,0,0
1729572775603,368,signoff,200,OK,Thread Group 1-4,text,true,,7654,1121,6,6,https://jpetstore.aspectran.com/,176,0,0
1729572775603,176,signoff-0,302,Found,Thread Group 1-4,,true,,785,568,6,6,https://jpetstore.aspectran.com/account/signoff,176,0,0
1729572775779,192,signoff-1,200,OK,Thread Group 1-4,text,true,,6869,553,6,6,https://jpetstore.aspectran.com/,190,0,0
1729572775665,375,signon,200,OK,Thread Group 1-7,text,true,,7754,1394,5,5,https://jpetstore.aspectran.com/,187,0,0
1729572775665,187,signon-0,302,Found,Thread Group 1-7,,true,,888,733,5,5,https://jpetstore.aspectran.com/account/signon,187,0,0
1729572775852,188,signon-1,200,OK,Thread Group 1-7,text,true,,6866,661,5,5,https://jpetstore.aspectran.com/,186,0,0
1729572775775,337,signoff,200,OK,Thread Group 1-5,text,true,,7695,1121,5,5,https://jpetstore.aspectran.com/,165,0,0
1729572775775,165,signoff-0,302,Found,Thread Group 1-5,,true,,786,568,5,5,https://jpetstore.aspectran.com/account/signoff,165,0,0
1729572775941,171,signoff-1,200,OK,Thread Group 1-5,text,true,,6909,553,5,5,https://jpetstore.aspectran.com/,170,0,0
1729572775822,345,signon,200,OK,Thread Group 1-8,text,true,,7795,1394,4,4,https://jpetstore.aspectran.com/,176,0,0
1729572775822,176,signon-0,302,Found,Thread Group 1-8,,true,,884,733,4,4,https://jpetstore.aspectran.com/account/signon,176,0,0
1729572775998,169,signon-1,200,OK,Thread Group 1-8,text,true,,6911,661,4,4,https://jpetstore.aspectran.com/,168,0,0
1729572776039,375,signoff,200,OK,Thread Group 1-6,text,true,,7554,1121,4,4,https://jpetstore.aspectran.com/,168,0,0
1729572776039,168,signoff-0,302,Found,Thread Group 1-6,,true,,785,568,4,4,https://jpetstore.aspectran.com/account/signoff,168,0,0
1729572776207,207,signoff-1,200,OK,Thread Group 1-6,text,true,,6769,553,4,4,https://jpetstore.aspectran.com/,206,0,0
1729572776165,354,signon,200,OK,Thread Group 1-9,text,true,,7648,1394,3,3,https://jpetstore.aspectran.com/,176,0,0
1729572776165,176,signon-0,302,Found,Thread Group 1-9,,true,,885,733,3,3,https://jpetstore.aspectran.com/account/signon,176,0,0
1729572776341,178,signon-1,200,OK,Thread Group 1-9,text,true,,6763,661,3,3,https://jpetstore.aspectran.com/,177,0,0
1729572776351,359,signoff,200,OK,Thread Group 1-7,text,true,,7545,1121,3,3,https://jpetstore.aspectran.com/,178,0,0
1729572776351,178,signoff-0,302,Found,Thread Group 1-7,,true,,785,568,3,3,https://jpetstore.aspectran.com/account/signoff,178,0,0
1729572776529,181,signoff-1,200,OK,Thread Group 1-7,text,true,,6760,553,3,3,https://jpetstore.aspectran.com/,181,0,0
1729572776476,349,signoff,200,OK,Thread Group 1-8,text,true,,7690,1121,2,2,https://jpetstore.aspectran.com/,170,0,0
1729572776476,170,signoff-0,302,Found,Thread Group 1-8,,true,,786,568,2,2,https://jpetstore.aspectran.com/account/signoff,170,0,0
1729572776647,178,signoff-1,200,OK,Thread Group 1-8,text,true,,6904,553,2,2,https://jpetstore.aspectran.com/,177,0,0
1729572776820,356,signoff,200,OK,Thread Group 1-9,text,true,,7694,1121,1,1,https://jpetstore.aspectran.com/,177,0,0
1729572776820,177,signoff-0,302,Found,Thread Group 1-9,,true,,788,568,1,1,https://jpetstore.aspectran.com/account/signoff,177,0,0
1729572776997,179,signoff-1,200,OK,Thread Group 1-9,text,true,,6906,553,1,1,https://jpetstore.aspectran.com/,177,0,0
